id,favorite_count,retweet_count
892420643555336193,35327,7456
892177421306343426,30574,5535
891815181378084864,23006,3661
891689557279858688,38616,7626
891327558926688256,36890,8226
891087950875897856,18613,2753
890971913173991426,10808,1781
890729181411237888,59513,16674
890609185150312448,25603,3806
890240255349198849,29202,6467
890006608113172480,28161,6478
889880896479866881,25628,4400
889665388333682689,43996,8842
889638837579907072,24750,3957
889531135344209921,13925,1994
889278841981685760,23105,4704
888917238123831296,26709,3963
888804989199671297,23439,3735
888554962724278272,18083,3056
888078434458587136,19978,3066
887705289381826560,27778,4774
887517139158093824,42522,10403
887473957103951883,62941,15887
887343217045368832,30883,9312
887101392804085760,28116,5266
886983233522544640,31904,6757
886736880519319552,10958,2812
886680336477933568,20638,3955
886366144734445568,19378,2797
886267009285017600,110,4
886258384151887873,25652,5591
886054160059072513,0,96
885984800019947520,29883,5940
885528943205470208,32965,5650
885518971528720385,18794,3295
885311592912609280,0,16341
885167619883638784,20072,3861
884925521741709313,70549,15949
884876753390489601,25507,4931
884562892145688576,22295,4149
884441805382717440,24872,5036
884247878851493888,66438,17939
884162670584377345,18731,2645
883838122936631299,20048,3022
883482846933004288,42026,8730
883360690899218434,20804,3259
883117836046086144,33991,5865
882992080364220416,21919,3427
882762694511734784,25913,4314
882627270321602560,25695,5365
882268110199369728,41109,10254
882045870035918850,26886,4299
881906580714921986,22355,3012
881666595344535552,46461,9442
881633300179243008,116,7
881536004380872706,45372,14154
881268444196462592,21375,4693
880935762899988482,15697,2476
880872448815771648,19547,3386
880465832366813184,26124,5502
880221127280381952,24732,3679
880095782870896641,25356,3857
879862464715927552,20545,3084
879674319642796034,291,10
879492040517615616,21566,2807
879415818425184262,97014,39538
879376492567855104,15477,2774
879130579576475649,0,6028
879050749262655488,20700,4161
879008229531029506,17477,2371
878776093423087618,17800,3627
878604707211726852,27602,6259
878404777348136964,0,1127
878316110768087041,0,5884
878281511006478336,7096,1127
878057613040115712,38714,6028
877736472329191424,72686,16779
877611172832227328,0,71
877556246731214848,20868,3382
877316821321428993,25228,4622
877201837425926144,24928,4930
876838120628539392,19038,2958
876537666061221889,21862,4174
876484053909872640,17285,2098
876120275196170240,25785,4138
875747767867523072,23112,3792
875144289856114688,20209,4369
875097192612077568,25295,5414
875021211251597312,23515,4190
874680097055178752,25647,4123
874434818259525634,0,12920
874296783580663808,24007,3675
874057562936811520,20956,3546
874012996292530176,31486,9084
873580283840344065,22344,3513
873337748698140672,0,1407
873213775632977920,6609,1407
872967104147763200,25147,4825
872820683541237760,13619,3327
872620804844003328,19142,3247
872486979161796608,37651,8110
872122724285648897,31616,7248
871879754684805121,34668,9773
871762521631449091,18694,3124
871515927908634625,18680,3116
871166179821445120,0,5119
871102520638267392,19353,4942
871032628920680449,21056,3413
870804317367881728,31155,5548
870726314365509632,112,3
870656317836468226,11399,2340
870374049280663552,77004,23925
870308999962521604,20324,3736
870063196459192321,33836,7476
869772420881756160,39523,9138
869702957897576449,26171,5669
869596645499047938,14808,2798
869227993411051520,18958,3390
868880397819494401,60633,12998
868639477480148993,0,1862
868622495443632128,24719,4765
868552278524837888,9351,1862
867900495410671616,22516,3779
867774946302451713,31596,6627
867421006826221569,14961,2257
867072653475098625,0,108
867051520902168576,29949,7141
866720684873056260,18620,4348
866686824827068416,17899,3139
866450705531457537,113748,32002
866334964761202691,48728,12920
866094527597207552,0,7609
865718153858494464,23966,5113
865359393868664832,24660,4544
865006731092295680,26164,7035
864873206498414592,30102,7907
864279568663928832,13634,2735
864197398364647424,27948,8029
863907417377173506,19263,3778
863553081350529029,14261,3819
863471782782697472,0,2208
863432100342583297,22220,4783
863427515083354112,2054,85
863079547188785154,8209,1013
863062471531167744,7890,2208
862831371563274240,17949,4705
862722525377298433,16019,3241
862457590147678208,19097,4495
862096992088072192,69348,21170
861383897657036800,33798,9806
861288531465048066,16087,3796
861005113778896900,15657,3500
860981674716409858,0,1964
860924035999428608,0,726
860563773140209665,7032,1964
860524505164394496,22199,4859
860276583193509888,17283,3241
860184849394610176,15657,5388
860177593139703809,0,28433
859924526012018688,18448,3791
859851578198683649,14531,3247
859607811541651456,17545,1425
859196978902773760,84471,27790
859074603037188101,31815,12597
858860390427611136,0,7496
858843525470990336,14719,3208
858471635011153920,20335,4502
858107933456039936,14873,2674
857989990357356544,15172,2396
857746408056729600,32311,9863
857393404942143489,5567,1524
857263160327368704,18992,4203
857214891891077121,213,17
857062103051644929,0,154
857029823797047296,17833,3695
856543823941562368,15514,2681
856526610513747968,11246,1752
856330835276025856,0,623
856288084350160898,488,15
856282028240666624,26314,5856
855862651834028034,316,22
855860136149123072,4643,907
855857698524602368,11284,1968
855851453814013952,43553,16899
855818117272018944,25353,5078
855459453768019968,28318,7696
855245323840757760,0,5560
855138241867124737,0,40
854732716440526848,21663,5686
854482394044301312,27836,6409
854365224396361728,18007,4405
854120357044912130,30512,6995
854010172552949760,15506,2964
853760880890318849,27279,5428
853639147608842240,33089,9409
853299958564483072,14827,3350
852936405516943360,0,1869
852912242202992640,8617,1703
852672615818899456,14286,2043
852553447878664193,15586,3276
852311364735569921,31753,9404
852226086759018497,19173,6491
852189679701164033,11008,1503
851861385021730816,0,19
851591660324737024,15643,3288
851464819735769094,23299,6706
851224888060895234,19898,5463
850753642995093505,29561,8610
850380195714523136,12623,2471
850333567704068097,3328,311
850145622816686080,15723,3601
850019790995546112,19654,4631
849776966551130114,29256,7208
849668094696017920,0,4721
849412302885593088,15306,2993
849336543269576704,11015,1800
849051919805034497,40811,8049
848690551926992896,24327,4130
848324959059550208,23872,4414
848213670039564288,7886,684
848212111729840128,15758,2882
847978865427394560,0,3114
847971574464610304,0,419
847962785489326080,22740,4843
847842811428974592,5234,1260
847617282490613760,6754,391
847606175596138505,18160,3274
847251039262605312,19839,4131
847157206088847362,19215,5598
847116187444137987,20781,3045
846874817362120707,19425,3751
846514051647705089,43138,11038
846505985330044928,13671,2933
846153765933735936,30552,8653
846139713627017216,30083,9645
846042936437604353,15495,2740
845812042753855489,28309,8318
845677943972139009,24423,4619
845397057150107648,7384,1712
845306882940190720,22625,5155
845098359547420673,0,7342
844979544864018432,13242,2442
844973813909606400,14598,3044
844580511645339650,15983,2982
844223788422217728,13277,2095
843981021012017153,14746,2843
843856843873095681,20847,4427
843604394117681152,16427,2628
843235543001513987,20909,5773
842846295480000512,14880,3496
842765311967449089,6544,1214
842535590457499648,17649,3380
842163532590374912,23783,5560
842115215311396866,13602,2903
841833993020538882,0,14456
841680585030541313,25111,7552
841439858740625411,12303,3539
841320156043304961,19301,5320
841314665196081154,15441,4476
841077006473256960,22275,5119
840761248237133825,0,1700
840728873075638272,0,15468
840698636975636481,170,2
840696689258311684,11979,938
840632337062862849,8769,1700
840370681858686976,16036,4397
840268004936019968,18781,5534
839990271299457024,13122,2199
839549326359670784,26789,7496
839290600511926273,0,139
839239871831150596,26465,6302
838952994649550848,19214,3867
838921590096166913,10875,1972
838916489579200512,0,33
838831947270979586,0,10656
838561493054533637,10725,1284
838476387338051585,21963,4601
838201503651401729,0,9714
838150277551247360,1629,321
838085839343206401,138,1
838083903487373313,17236,3017
837820167694528512,33295,7609
837482249356513284,3772,428
837471256429613056,12516,2191
837110210464448512,15704,2295
836989968035819520,12491,2236
836753516572119041,18946,4512
836677758902222849,12379,2163
836648853927522308,0,535
836397794269200385,0,26687
836380477523124226,14480,2903
836260088725786625,20904,4187
836001077879255040,18695,4143
835685285446955009,0,7894
835574547218894849,17448,3512
835536468978302976,0,1640
835309094223372289,0,20348
835297930240217089,16156,2913
835264098648616962,7575,1640
835246439529840640,2059,71
835172783151792128,25670,5601
835152434251116546,21929,2914
834931633769889797,10586,1582
834786237630337024,21017,5370
834574053763584002,13386,2450
834477809192075265,0,10356
834458053273591808,9452,1630
834209720923721728,20150,4621
834167344700198914,15534,3563
834089966724603904,9851,2077
834086379323871233,12821,2149
833863086058651648,13201,2343
833826103416520705,17768,3679
833732339549220864,0,215
833722901757046785,20469,3150
833479644947025920,14603,1985
833124694597443584,19847,4721
832998151111966721,13015,2131
832769181346996225,0,38
832757312314028032,16578,3520
832682457690300417,11665,2840
832645525019123713,2880,520
832636094638288896,15602,2712
832397543355072512,11779,2155
832369877331693569,16870,3114
832273440279240704,11146,2273
832215909146226688,0,6055
832215726631055365,0,9098
832088576586297345,61,2
832040443403784192,0,9346
832032802820481025,17559,4549
831939777352105988,23558,5982
831926988323639298,331,34
831911600680497154,27106,6335
831670449226514432,10259,1770
831650051525054464,6996,1869
831552930092285952,8823,2264
831322785565769729,9129,1516
831315979191906304,6429,1095
831309418084069378,11578,2405
831262627380748289,11711,1989
830956169170665475,7858,1458
830583320585068544,65669,16341
830173239259324417,0,5538
830097400375152640,9630,2862
829878982036299777,0,4890
829861396166877184,12057,1891
829501995190984704,31214,10356
829449946868879360,10301,1961
829141528400556032,23996,7164
829011960981237760,52437,15962
828801551087042563,0,3346
828770345708580865,25200,5718
828708714936930305,35938,10927
828650029636317184,9363,1300
828409743546925057,6253,1137
828408677031882754,7573,1256
828381636999917570,12413,2171
828376505180889089,7269,1043
828372645993398273,12397,2863
828361771580813312,2152,170
828046555563323392,11575,2807
828011680017821696,10208,2106
827933404142436356,19783,5122
827653905312006145,15272,2956
827600520311402496,7363,919
827324948884643840,15608,2969
827199976799354881,10432,2180
826958653328592898,21265,4890
826848821049180160,35753,9931
826615380357632002,0,3904
826598799820865537,5058,244
826598365270007810,9882,2295
826476773533745153,18154,4099
826240494070030336,13098,2561
826204788643753985,4809,902
826115272272650244,15427,3040
825876512159186944,10336,1826
825829644528148480,12575,2440
825535076884762624,56147,17241
825147591692263424,18048,4444
825120256414846976,0,1221
825026590719483904,6200,1221
824796380199809024,0,5395
824775126675836928,14718,3438
824663926340194305,10396,1737
824325613288833024,11680,10378
824297048279236611,14864,3786
824025158776213504,4767,588
823939628516474880,10502,2655
823719002937630720,0,10970
823699002998870016,13805,2472
823581115634085888,12868,2582
823333489516937216,693,22
823322678127919110,15551,3940
823269594223824897,0,9692
822975315408461824,17140,3379
822872901745569793,129817,42373
822859134160621569,13096,2228
822647212903690241,0,6295
822610361945911296,14638,2902
822489057087389700,17915,6295
822462944365645825,27611,13997
822244816520155136,34553,9692
822163064745328640,0,4666
821886076407029760,11193,2264
821813639212650496,0,3318
821765923262631936,8313,1628
821522889702862852,7956,1722
821421320206483457,0,5473
821407182352777218,11621,4256
821153421864615936,254,10
821149554670182400,8535,1933
821107785811234820,9501,2096
821044531881721856,12540,2232
820837357901512704,0,6616
820749716845686786,31216,9714
820690176645140481,12095,3180
820494788566847489,0,554
820446719150292993,0,2531
820314633777061888,3312,554
820078625395449857,19607,6182
820013781606658049,0,1154
819952236453363712,5272,1154
819924195358416896,12799,4809
819711362133872643,13234,3066
819588359383371776,9561,1965
819347104292290561,7149,1182
819238181065359361,2243,401
819227688460238848,22858,6616
819015337530290176,0,36415
819015331746349057,0,18748
819006400881917954,44911,18748
819004803107983360,86144,36415
818646164899774465,0,20664
818627210458333184,22212,7445
818614493328580609,9748,2510
818588835076603904,0,6022
818536468981415936,10765,2410
818307523543449600,0,7944
818259473185828864,10912,2222
818145370475810820,12151,2522
817908911860748288,4810,787
817827839487737858,51124,26687
817777686764523521,10660,2644
817536400337801217,11668,2912
817502432452313088,0,3345
817423860136083457,33436,14456
817415592588222464,5553,935
817181837579653120,0,8349
817171292965273600,8683,1993
817120970343411712,12119,2563
817056546584727552,8516,1620
816829038950027264,0,4656
816816676327063552,9920,2013
816697700272001025,9696,2152
816450570814898180,30157,7944
816336735214911488,8531,1922
816091915477250048,8856,2104
816062466425819140,0,1001
816014286006976512,0,5195
815990720817401858,4902,1001
815966073409433600,22205,8349
815745968457060357,0,4075
815736392542261248,9766,2235
815639385530101762,8157,1630
815390420867969024,10287,3767
814986499976527872,7598,1259
814638523311648768,11177,2661
814578408554463233,0,5769
814530161257443328,8566,1836
814153002265309185,28553,8570
813944609378369540,0,3147
813910438903693312,9245,1842
813812741911748608,36195,13816
813800681631023104,8266,1734
813217897535406080,18528,7221
813202720496779264,9184,1801
813187593374461952,19722,4310
813172488309972993,9206,1903
813157409116065792,7726,2186
813142292504645637,8441,2365
813130366689148928,4460,444
813127251579564032,11750,3095
813112105746448384,10244,2711
813096984823349248,10514,3597
813081950185472002,9845,2761
813066809284972545,7895,1933
813051746834595840,20848,7297
812781120811126785,7512,1887
812709060537683968,6584,1426
812503143955202048,6026,1205
812466873996607488,7934,1919
812372279581671427,13575,3629
811985624773361665,7242,1386
811744202451197953,7499,1572
811647686436880384,5575,732
811627233043480576,12688,3049
811386762094317568,20812,6325
810984652412424192,5297,1424
810896069567610880,8953,1750
810657578271330305,10912,2616
810284430598270976,35009,11123
810254108431155201,14608,3346
809920764300447744,15485,3904
809808892968534016,0,4848
809448704142938112,6914,1456
809220051211603969,19803,5538
809084759137812480,13160,3503
808838249661788160,10069,3010
808733504066486276,7863,2146
808501579447930884,11259,2584
808344865868283904,42306,20664
808134635716833280,0,5862
808106460588765185,8770,2197
808001312164028416,12480,3511
807621403335917568,14513,3584
807106840509214720,117521,54892
807059379405148160,0,7279
807010152071229440,13036,3838
806629075125202948,74219,34313
806620845233815552,0,5479
806576416489959424,4873,1943
806542213899489280,10179,2343
806242860592926720,0,11539
806219024703037440,6416,1183
805958939288408065,0,5315
805932879469572096,8253,1910
805826884734976000,6529,1802
805823200554876929,0,7945
805520635690676224,5729,1646
805487436403003392,8765,2505
805207613751304193,7818,1703
804738756058218496,13649,3796
804475857670639616,6111,1997
804413760345620481,0,3205
804026241225523202,44213,15963
803773340896923648,10016,2719
803692223237865472,0,7374
803638050916102144,10898,4117
803380650405482500,7737,1861
803321560782307329,0,5279
803276597545603072,9991,2435
802952499103731712,8983,1982
802624713319034886,0,2891
802600418706604034,7071,1450
802572683846291456,8911,2484
802323869084381190,16102,5783
802265048156610565,6905,1366
802239329049477120,9050,2604
802185808107208704,0,271
801958328846974976,7728,1711
801854953262350336,1785,235
801538201127157760,8201,2046
801285448605831168,6021,813
801167903437357056,24361,5862
801127390143516673,0,3923
801115127852503040,8039,2085
800859414831898624,686,97
800855607700029440,0,1599
800751577355128832,10546,2774
800513324630806528,13079,2969
800459316964663297,9474,2163
800443802682937345,0,4293
800388270626521089,11119,2785
800188575492947969,0,3909
800141422401830912,15220,2531
800018252395122689,28232,13049
799774291445383169,0,4643
799757965289017345,8358,2146
799422933579902976,8046,1914
799308762079035393,0,5417
799297110730567681,9836,2731
799063482566066176,8044,2460
798933969379225600,13016,4414
798925684722855936,7486,1431
798705661114773508,0,6597
798701998996647937,0,7722
798697898615730177,0,6477
798694562394996736,0,4915
798686750113755136,0,2320
798682547630837760,0,4710
798673117451325440,0,5518
798665375516884993,0,3880
798644042770751489,0,1838
798628517273620480,0,1965
798585098161549313,0,5644
798576900688019456,0,5800
798340744599797760,0,3299
798209839306514432,10386,2537
797971864723324932,11543,3088
797545162159308800,14503,4839
797236660651966464,19869,6511
797165961484890113,223,26
796904159865868288,0,8864
796865951799083009,7648,1904
796759840936919040,11770,3005
796563435802726400,0,7193
796484825502875648,7548,1742
796387464403357696,10957,4106
796177847564038144,0,14162
796149749086875649,32107,14162
796125600683540480,4952,1791
796116448414461957,9061,2395
796080075804475393,8427,2290
796031486298386433,10763,3693
795464331001561088,49326,23381
795400264262053889,10011,2842
795076730285391872,16133,5395
794983741416415232,0,3345
794926597468000259,10190,2298
794355576146903043,0,10194
794332329137291264,9562,2660
794205286408003585,9203,3294
793962221541933056,16763,4848
793845145112371200,9176,1839
793614319594401792,0,3107
793601777308463104,7949,1601
793500921481273345,10633,2354
793286476301799424,24485,9098
793271401113350145,8664,2372
793256262322548741,19909,8278
793241302385262592,10470,3268
793226087023144960,9779,2858
793210959003287553,8893,2775
793195938047070209,15184,5582
793180763617361921,6902,1982
793165685325201412,9346,2757
793150605191548928,6143,1685
793135492858580992,6375,2480
793120401413079041,12595,3890
792913359805018113,14240,3938
792883833364439040,11255,4238
792773781206999040,7330,1658
792394556390137856,13357,4266
792050063153438720,7115,1780
791821351946420224,0,20929
791784077045166082,0,9492
791780927877898241,0,3791
791774931465953280,44872,22008
791672322847637504,11703,3108
791406955684368384,13095,4075
791312159183634433,8724,2510
791026214425268224,0,4057
790987426131050500,9779,2113
790946055508652032,16593,4656
790723298204217344,0,2286
790698755171364864,8175,1906
790581949425475584,20573,7067
790337589677002753,7783,1864
790277117346975746,12498,3147
790227638568808452,0,3536
789986466051088384,9204,2286
789960241177853952,0,4078
789903600034189313,10283,4095
789628658055020548,7446,1744
789599242079838210,6707,1901
789530877013393408,11673,3345
789314372632018944,8606,2272
789280767834746880,0,4874
789268448748703744,9072,2581
789137962068021249,9668,2761
788908386943430656,27305,12381
788765914992902144,27170,10194
788552643979468800,0,7097
788412144018661376,15458,5213
788178268662984705,7191,2073
788150585577050112,6090,1260
788070120937619456,0,3402
788039637453406209,6088,1294
787810552592695296,8567,3016
787717603741622272,10212,2750
787397959788929025,10831,2822
787322443945877504,7735,1726
787111942498508800,0,6683
786963064373534720,26498,7894
786729988674449408,0,2403
786709082849828864,18126,6055
786664955043049472,10538,2515
786595970293370880,9401,3101
786363235746385920,10827,3457
786286427768250368,7924,2796
786233965241827333,15140,4666
786051337297522688,1418,154
786036967502913536,0,6925
785927819176054784,11313,3150
785872687017132033,6650,1782
785639753186217984,7817,2215
785533386513321988,9044,1971
785515384317313025,6083,1240
785264754247995392,7216,1598
785170936622350336,11940,4765
784826020293709826,10042,3205
784517518371221505,8908,2494
784431430411685888,5683,1258
784183165795655680,19890,7945
784057939640352768,29535,10970
783839966405230592,29754,10656
783821107061198850,7309,1942
783695101801398276,10396,3172
783466772167098368,8395,2209
783391753726550016,16765,5389
783347506784731136,0,5466
783334639985389568,28894,11539
783085703974514689,8100,2167
782969140009107456,23938,7279
782747134529531904,7417,1394
782722598790725632,17125,5315
782598640137187329,7728,1849
782305867769217024,16513,5473
782021823840026624,0,6107
781955203444699136,11045,3326
781661882474196992,10343,2681
781655249211752448,3959,1116
781524693396357120,20587,5479
781308096455073793,7086,2523
781251288990355457,8346,2048
781163403222056960,9718,2719
780931614150983680,21430,7193
780858289093574656,7119,1973
780800785462489090,5430,1278
780601303617732608,11987,3318
780543529827336192,6234,1724
780496263422808064,0,3623
780476555013349377,0,109
780459368902959104,5243,1060
780192070812196864,8621,2205
780092040432480260,0,2265
780074436359819264,12032,4879
779834332596887552,18686,6925
779377524342161408,8695,3066
779124354206535695,0,17993
779056095788752897,14598,4451
778990705243029504,19733,7071
778774459159379968,0,9724
778764940568104960,856,358
778748913645780993,6814,1285
778650543019483137,5695,1475
778624900596654080,4581,998
778408200802557953,13477,4255
778396591732486144,0,12029
778383385161035776,5762,1082
778286810187399168,10263,3246
778039087836069888,8399,2595
778027034220126208,6485,1580
777953400541634568,0,3475
777885040357281792,6283,1602
777684233540206592,11106,2891
777641927919427584,0,4165
777621514455814149,8634,2468
777189768882946048,14094,4243
776819012571455488,0,13454
776813020089548800,4819,1184
776477788987613185,8716,2718
776249906839351296,0,8960
776218204058357768,29524,15568
776201521193218049,9494,2476
776113305656188928,11620,4293
776088319444877312,1818,147
775898661951791106,0,16488
775842724423557120,11561,2610
775733305207554048,13717,3923
775729183532220416,12843,4524
775364825476165632,7295,2908
775350846108426240,10042,3841
775085132600442880,15364,4643
774757898236878852,8500,1752
774639387460112384,6636,1698
774314403806253056,21496,5417
773985732834758656,10599,3790
773922284943896577,6320,1719
773704687002451968,6505,1597
773670353721753600,5283,1288
773547596996571136,21838,6022
773336787167145985,0,4971
773308824254029826,22984,7342
773247561583001600,9329,3199
773191612633579521,9848,4049
772877495989305348,8436,3799
772826264096874500,7937,2314
772615324260794368,0,3320
772581559778025472,6395,1666
772193107915964416,5948,1360
772152991789019136,3761,1111
772117678702071809,3722,724
772114945936949249,2694,459
772102971039580160,3948,921
771908950375665664,6487,1859
771770456517009408,11835,3299
771500966810099713,8151,2563
771380798096281600,10336,4971
771171053431250945,0,7304
771136648247640064,9017,2866
771102124360998913,6146,1412
771014301343748096,6778,1622
770787852854652928,4861,1180
770772759874076672,5105,1392
770655142660169732,7238,1741
770414278348247044,6241,2059
770293558247038976,6137,1439
770093767776997377,0,2986
770069151037685760,7488,2254
769940425801170949,30819,9346
769695466921623552,6332,1649
769335591808995329,0,7581
769212283578875904,5313,1680
768970937022709760,14122,6378
768909767477751808,0,2614
768855141948723200,4118,868
768609597686943744,4058,1170
768596291618299904,4963,1255
768554158521745409,0,5710
768473857036525572,13419,3336
768193404517830656,10709,3475
767884188863397888,4678,1354
767754930266464257,15771,5279
767500508068192258,7397,2297
767191397493538821,12122,3680
767122157629476866,10033,2804
766864461642756096,0,5511
766793450729734144,4970,1334
766714921925144576,2579,370
766693177336135680,3949,777
766423258543644672,5902,1543
766313316352462849,6677,1850
766078092750233600,0,2564
766069199026450432,4154,834
766008592277377025,3690,488
765719909049503744,7119,2117
765669560888528897,5110,1206
765395769549590528,26253,3326
765371061932261376,6960,2130
765222098633691136,11451,3320
764857477905154048,6355,1744
764259802650378240,5924,1471
763956972077010945,750,53
763837565564780549,12351,4057
763183847194451968,5296,1441
763167063695355904,0,2934
763103485927849985,7255,2260
762699858130116608,11924,3536
762471784394268675,11024,6266
762464539388485633,10134,4078
762316489655476224,4715,1090
762035686371364864,31300,15208
761976711479193600,5310,1958
761750502866649088,0,3823
761745352076779520,4206,843
761672994376806400,48604,28434
761599872357261312,4057,1164
761371037149827077,0,17677
761334018830917632,5107,1424
761292947749015552,4409,1063
761227390836215808,5236,1529
761004547850530816,11144,3402
760893934457552897,3745,948
760656994973933572,6474,1864
760641137271070720,4893,1267
760539183865880579,7436,3541
760521673607086080,4136,1362
760290219849637889,26330,11218
760252756032651264,3888,850
760190180481531904,5588,1750
760153949710192640,0,30
759943073749200896,5851,2031
759923798737051648,14437,5511
759846353224826880,6617,1921
759793422261743616,5844,1864
759557299618865152,4602,1165
759447681597108224,8341,2403
759446261539934208,1643,474
759197388317847553,5975,1906
759159934323924993,0,1128
759099523532779520,14241,4058
759047813560868866,6370,1960
758854675097526272,3489,879
758828659922702336,11009,3763
758740312047005698,5634,1582
758474966123810816,3728,979
758467244762497024,4712,2164
758405701903519748,5113,1865
758355060040593408,3329,1036
758099635764359168,18687,9725
758041019896193024,2647,365
757741869644341248,6746,3176
757729163776290825,0,7704
757725642876129280,4458,1184
757611664640446465,4479,1078
757597904299253760,0,294
757596066325864448,4247,1034
757400162377592832,14853,6677
757393109802180609,5689,1691
757354760399941633,4435,1384
756998049151549440,6155,1938
756939218950160384,6514,1952
756651752796094464,4945,1264
756526248105566208,10210,3493
756303284449767430,3861,1083
756288534030475264,43193,17258
756275833623502848,6276,1500
755955933503782912,7158,2810
755206590534418437,16122,5218
755110668769038337,20775,10826
754874841593970688,0,7696
754856583969079297,6766,2452
754747087846248448,2536,507
754482103782404096,5178,1905
754449512966619136,3670,718
754120377874386944,7745,2296
753655901052166144,5732,2126
753420520834629632,7727,3460
753398408988139520,5638,1856
753375668877008896,7486,2265
753298634498793472,0,5537
753294487569522689,3295,1012
753039830821511168,36363,20349
753026973505581056,3839,937
752932432744185856,12362,6683
752917284578922496,6795,1533
752701944171524096,0,2781
752682090207055872,5892,1553
752660715232722944,4286,1517
752568224206688256,5377,2216
752519690950500352,7217,3361
752334515931054080,3740,1068
752309394570878976,0,15761
752173152931807232,5832,1782
751950017322246144,2998,891
751937170840121344,5074,1285
751830394383790080,5698,1893
751793661361422336,5696,2822
751598357617971201,7768,2967
751583847268179968,4293,1069
751538714308972544,4937,1229
751456908746354688,3149,977
751251247299190784,12256,5725
751205363882532864,6178,1762
751132876104687617,4948,1269
750868782890057730,4674,1324
750719632563142656,12886,4874
750506206503038976,4352,1120
750429297815552001,12894,4165
750383411068534784,4454,1117
750381685133418496,682,27
750147208377409536,3029,934
750132105863102464,3534,1257
750117059602808832,4244,1274
750101899009982464,2974,819
750086836815486976,2122,517
750071704093859840,7664,3228
750056684286914561,3094,876
750041628174217216,3101,594
750026558547456000,2661,764
750011400160841729,3164,880
749996283729883136,2992,799
749981277374128128,4996,2399
749774190421639168,4569,1289
749417653287129088,5965,1599
749403093750648834,2551,516
749395845976588288,8369,3342
749317047558017024,5372,2179
749075273010798592,5626,2020
749064354620928000,4695,1491
749036806121881602,3025,769
748977405889503236,10536,3297
748932637671223296,5672,2186
748705597323898880,2715,925
748699167502000129,4641,1545
748692773788876800,4157,1300
748575535303884801,5929,1930
748568946752774144,2161,651
748346686624440324,5103,1198
748337862848962560,7444,3994
748324050481647620,3610,733
748307329658011649,3603,695
748220828303695873,13813,7558
747963614829678593,5646,2080
747933425676525569,6458,2477
747885874273214464,2867,939
747844099428986880,2751,726
747816857231626240,4733,1129
747651430853525504,1343,148
747648653817413632,12584,5670
747600769478692864,2279,544
747594051852075008,3586,1026
747512671126323200,5387,1569
747461612269887489,3782,1013
747439450712596480,5287,1859
747242308580548608,0,2819
747219827526344708,5128,1518
747204161125646336,3289,887
747103485104099331,9319,3837
746906459439529985,2835,287
746872823977771008,5838,2070
746818907684614144,5203,1691
746790600704425984,4753,1553
746757706116112384,9339,3791
746726898085036033,5899,1739
746542875601690625,4919,1831
746521445350707200,0,956
746507379341139972,4545,1054
746369468511756288,6037,1588
746131877086527488,6737,2123
746056683365994496,3484,787
745789745784041472,3919,1033
745712589599014916,6829,2256
745433870967832576,6900,2471
745422732645535745,8357,2347
745314880350101504,6978,2664
745074613265149952,7643,3375
745057283344719872,7066,2175
744995568523612160,2900,595
744971049620602880,7683,2609
744709971296780288,5458,1513
744334592493166593,6600,2038
744234799360020481,152213,75261
744223424764059648,1613,348
743980027717509120,4071,1063
743895849529389061,3567,934
743835915802583040,0,1999
743609206067040256,4359,1343
743595368194129920,17843,6315
743545585370791937,3441,911
743510151680958465,7726,3616
743253157753532416,4120,1185
743222593470234624,6031,1853
743210557239623680,3738,1324
742534281772302336,6888,3457
742528092657332225,4303,1901
742465774154047488,7071,3794
742423170473463808,9558,3623
742385895052087300,6622,1898
742161199639494656,4204,1322
742150209887731712,4968,1496
741793263812808706,4421,1458
741743634094141440,7956,2654
741438259667034112,3591,790
741303864243200000,8542,3098
741099773336379392,9716,5329
741067306818797568,9270,2986
740995100998766593,6168,2631
740711788199743490,3312,906
740699697422163968,2767,751
740676976021798912,17666,6597
740373189193256964,34081,12893
740365076218183684,2391,419
740359016048689152,3206,836
740214038584557568,6512,1902
739979191639244800,19401,5710
739932936087216128,3945,1047
739844404073074688,3699,830
739623569819336705,3658,1317
739606147276148736,5249,1597
739544079319588864,38383,20474
739485634323156992,6944,2826
739238157791694849,112535,56035
738891149612572673,104,6
738885046782832640,3663,1105
738883359779196928,3214,761
738537504001953792,4944,1479
738402415918125056,3170,798
738184450748633089,4207,1173
738166403467907072,8506,3230
738156290900254721,2431,619
737826014890496000,5112,1706
737800304142471168,9703,3339
737678689543020544,4881,1270
737445876994609152,9938,4292
737322739594330112,3496,782
737310737551491075,14226,7165
736736130620620800,4112,1661
736392552031657984,17172,7097
736365877722001409,3857,1191
736225175608430592,7859,2689
736010884653420544,7642,2871
735991953473572864,3484,1106
735648611367784448,3924,1069
735635087207878657,5978,2259
735274964362878976,12629,4839
735256018284875776,3228,845
735137028879360001,3036,939
734912297295085568,2669,511
734787690684657664,12152,6076
734776360183431168,2426,515
734559631394082816,1447,382
733828123016450049,3472,752
733822306246479872,3559,988
733482008106668032,3032,912
733460102733135873,4047,1231
733109485275860992,51813,16488
732732193018155009,2359,514
732726085725589504,3452,860
732585889486888962,3547,754
732375214819057664,7829,2420
732005617171337216,14415,5195
731285275100512256,3394,966
731156023742988288,3723,1218
730924654643314689,5962,1910
730573383004487680,4739,2061
730427201120833536,3377,1002
730211855403241472,3706,1023
730196704625098752,4695,1813
729854734790754305,3902,1080
729838605770891264,1679,367
729823566028484608,3848,1200
729463711119904772,5604,2229
729113531270991872,1824,306
728986383096946689,3051,788
728760639972315136,4525,1639
728751179681943552,2676,650
728653952833728512,3215,1001
728409960103686147,4750,1922
728387165835677696,3591,926
728046963732717569,4155,1160
728035342121635841,4403,1615
728015554473250816,3995,1062
727685679342333952,2869,613
727644517743104000,5681,1683
727524757080539137,4328,1175
727314416056803329,3228,713
727286334147182592,2961,788
727175381690781696,3789,1338
727155742655025152,3510,1276
726935089318363137,6656,2341
726887082820554753,3707,1458
726828223124897792,3457,971
726224900189511680,4281,1099
725842289046749185,6865,2564
725786712245440512,4046,1327
725729321944506368,5049,1712
725458796924002305,1373,592
724983749226668032,3618,1253
724771698126512129,2271,609
724405726123311104,5117,1595
724049859469295616,4206,1716
724046343203856385,2579,538
724004602748780546,4060,1487
723912936180330496,3762,1183
723688335806480385,7421,2822
723673163800948736,2928,854
723179728551723008,5134,1784
722974582966214656,3965,1514
722613351520608256,4829,1575
721503162398597120,4475,1759
721001180231503872,2455,587
720785406564900865,3011,739
720775346191278080,2386,637
720415127506415616,4003,1447
720389942216527872,6162,2409
720340705894408192,2772,942
720059472081784833,3732,1079
720043174954147842,4767,1933
719991154352222208,4681,1675
719704490224398336,4397,1370
719551379208073216,4896,1816
719367763014393856,2706,716
719339463458033665,4300,1187
719332531645071360,3327,914
718971898235854848,3370,1039
718939241951195136,5085,1688
718631497683582976,18274,7722
718613305783398402,2357,460
718540630683709445,2372,971
718460005985447936,2606,503
718454725339934721,4703,1454
718246886998687744,1849,478
718234618122661888,3745,952
717841801130979328,2378,578
717790033953034240,2777,1062
717537687239008257,5595,1775
717428917016076293,1567,430
717421804990701568,3058,809
717047459982213120,6079,1850
717009362452090881,3135,925
716802964044845056,4151,1128
716791146589110272,7948,1519
716730379797970944,1198,412
716447146686459905,12638,5634
716439118184652801,2308,200
716285507865542656,2685,1008
716080869887381504,6564,1832
715928423106027520,3090,849
715758151270801409,3602,1376
715733265223708672,4515,1629
715704790270025728,2691,551
715696743237730304,3783,1247
715680795826982913,4159,1546
715360349751484417,5296,1505
715342466308784130,2949,664
715220193576927233,2346,623
715200624753819648,4976,1800
715009755312439296,4009,1179
714982300363173890,3597,999
714962719905021952,7105,4094
714957620017307648,4014,1358
714631576617938945,3176,953
714606013974974464,3509,888
714485234495041536,2578,1084
714258258790387713,2937,703
714251586676113411,3167,803
714214115368108032,2204,839
714141408463036416,4183,1346
713919462244790272,3187,761
713909862279876608,1834,519
713900603437621249,2745,706
713761197720473600,4698,1312
713411074226274305,4284,1254
713177543487135744,6981,2753
713175907180089344,4312,1421
712809025985978368,18457,6477
712717840512598017,11919,4777
712668654853337088,4041,1169
712438159032893441,5155,1511
712309440758808576,231,25
712097430750289920,3648,996
712092745624633345,2847,855
712085617388212225,3170,469
712065007010385924,2176,600
711998809858043904,0,123
711968124745228288,7785,2222
711743778164514816,2748,958
711732680602345472,8539,3936
711694788429553666,31831,17677
711652651650457602,3734,880
711363825979756544,3517,1091
711306686208872448,3195,711
711008018775851008,2902,588
710997087345876993,4431,1335
710844581445812225,2462,657
710833117892898816,2603,512
710658690886586372,2234,540
710609963652087808,4649,2290
710588934686908417,4390,1792
710296729921429505,2308,709
710283270106132480,2089,503
710272297844797440,4387,1204
710269109699739648,2319,1074
710153181850935296,2818,862
710140971284037632,2672,850
710117014656950272,5293,1898
709918798883774466,3390,1052
709901256215666688,645,98
709852847387627521,3412,1157
709566166965075968,3447,1155
709556954897764353,3186,1033
709519240576036864,1453,227
709449600415961088,2140,547
709409458133323776,2528,653
709225125749587968,2341,550
709207347839836162,12105,5560
709198395643068416,2370,617
709179584944730112,1945,647
709158332880297985,1966,397
709042156699303936,4583,1572
708853462201716736,1751,639
708845821941387268,2885,862
708834316713893888,1633,484
708810915978854401,15961,6670
708738143638450176,2678,783
708711088997666817,2453,690
708479650088034305,2465,653
708469915515297792,3010,784
708400866336894977,15456,9696
708356463048204288,3470,1266
708349470027751425,2282,711
708149363256774660,4168,1503
708130923141795840,3280,825
708119489313951744,2615,947
708109389455101952,1888,533
708026248782585858,4267,1857
707995814724026368,3035,1088
707983188426153984,48,2
707969809498152960,2613,929
707776935007539200,3175,923
707741517457260545,2412,588
707738799544082433,3958,2378
707693576495472641,3295,956
707629649552134146,2490,836
707610948723478529,16449,6107
707420581654872064,2187,670
707411934438625280,2229,579
707387676719185920,3390,1233
707377100785885184,3177,1050
707315916783140866,2402,614
707297311098011648,2700,755
707059547140169728,2515,651
707038192327901184,2121,759
707021089608753152,3967,1304
707014260413456384,2247,579
706904523814649856,14129,7582
706901761596989440,1988,562
706681918348251136,3201,942
706644897839910912,2498,1054
706593038911545345,2094,610
706538006853918722,3369,1381
706516534877929472,3023,998
706346369204748288,3346,895
706310011488698368,20633,7631
706291001778950144,1654,460
706265994973601792,2659,901
706169069255446529,3790,2136
706166467411222528,4996,1550
706153300320784384,1437,370
705975130514706432,3012,706
705970349788291072,3089,863
705898680587526145,2299,532
705786532653883392,1874,498
705591895322394625,3081,1107
705475953783398401,2879,878
705442520700944385,4280,1559
705428427625635840,3687,1614
705239209544720384,2905,729
705223444686888960,2520,773
705102439679201280,2078,501
705066031337840642,2125,597
704871453724954624,4151,1088
704859558691414016,2177,515
704847917308362754,4918,1464
704819833553219584,2566,949
704761120771465216,6445,2819
704499785726889984,2824,973
704491224099647488,726,75
704480331685040129,3293,1033
704364645503647744,7745,3430
704347321748819968,1526,338
704134088924532736,1465,439
704113298707505153,1798,553
704054845121142784,2838,888
703774238772166656,1787,441
703769065844768768,3174,1098
703631701117943808,2495,653
703611486317502464,3719,1480
703425003149250560,3693,1317
703407252292673536,2366,670
703382836347330562,3403,1106
703356393781329922,1855,373
703268521220972544,1922,525
703079050210877440,7182,2977
703041949650034688,25544,12029
702932127499816960,2512,695
702899151802126337,1565,435
702684942141153280,3139,1032
702671118226825216,2128,541
702598099714314240,11879,3323
702539513671897089,2800,923
702332542343577600,3087,1497
702321140488925184,3181,1010
702276748847800320,2399,745
702217446468493312,4642,1298
701981390485725185,3338,952
701952816642965504,3734,992
701889187134500865,3441,1340
701805642395348998,3317,1610
701601587219795968,2035,437
701570477911896070,2733,899
701545186879471618,2584,587
701214700881756160,11842,4915
700890391244103680,2154,547
700864154249383937,2521,604
700847567345688576,2385,482
700796979434098688,2366,904
700747788515020802,22132,8961
700518061187723268,2534,770
700505138482569216,2224,549
700462010979500032,3997,1716
700167517596164096,2559,705
700151421916807169,2176,648
700143752053182464,7297,2614
700062718104104960,2566,664
700029284593901568,2015,568
700002074055016451,3208,1293
699801817392291840,2952,917
699788877217865730,2169,494
699779630832685056,2656,1193
699775878809702401,1903,581
699691744225525762,9998,4443
699446877801091073,5780,2531
699434518667751424,2109,496
699423671849451520,1317,310
699413908797464576,2028,607
699370870310113280,1841,424
699323444782047232,3066,835
699088579889332224,2185,607
699079609774645248,2377,626
699072405256409088,2890,1149
699060279947165696,3634,1739
699036661657767936,2533,1164
698989035503689728,3246,940
698953797952008193,2603,882
698907974262222848,2468,601
698710712454139905,2397,655
698703483621523456,1413,361
698635131305795584,1257,331
698549713696649216,2250,602
698355670425473025,1796,431
698342080612007937,2205,931
698262614669991936,4638,1929
698195409219559425,16298,5769
698178924120031232,2734,716
697995514407682048,1479,326
697990423684476929,3191,1248
697943111201378304,2325,653
697881462549430272,2930,1125
697630435728322560,1697,527
697616773278015490,3059,979
697596423848730625,2926,1222
697575480820686848,1982,484
697516214579523584,1995,1072
697482927769255936,2346,644
697463031882764288,3326,1361
697270446429966336,4571,1819
697259378236399616,3201,972
697255105972801536,2982,1117
697242256848379904,2455,644
696900204696625153,3074,991
696894894812565505,2270,660
696886256886657024,4715,1734
696877980375769088,2379,687
696754882863349760,1441,351
696744641916489729,2013,900
696713835009417216,2310,625
696518437233913856,3802,1659
696490539101908992,1182,138
696488710901260288,2446,990
696405997980676096,3111,1116
696100768806522880,1874,630
695816827381944320,2927,1117
695794761660297217,3069,744
695767669421768709,1807,714
695629776980148225,4434,2020
695446424020918272,4280,1757
695409464418041856,8430,3464
695314793360662529,3521,1402
695095422348574720,2562,594
695074328191332352,2760,1059
695064344191721472,1552,571
695051054296211456,2583,767
694925794720792577,2620,886
694905863685980160,2665,906
694669722378485760,34820,13863
694356675654983680,1464,279
694352839993344000,1977,591
694342028726001664,1540,471
694329668942569472,1939,487
694206574471057408,4045,1971
694183373896572928,2858,897
694001791655137281,3308,987
693993230313091072,1820,390
693942351086120961,1701,354
693647888581312512,2611,564
693644216740769793,1314,118
693642232151285760,2472,397
693629975228977152,2378,769
693622659251335168,1495,360
693590843962331137,4900,1888
693582294167244802,1602,237
693486665285931008,1722,610
693280720173801472,3256,1198
693267061318012928,2316,786
693262851218264065,2148,481
693231807727280129,2795,718
693155686491000832,7672,3104
693109034023534592,1659,588
693095443459342336,1804,441
692919143163629568,2602,730
692905862751522816,2354,843
692901601640583168,1711,581
692894228850999298,2199,763
692828166163931137,2791,860
692752401762250755,6612,3517
692568918515392513,4232,1480
692535307825213440,3061,1313
692530551048294401,1779,399
692423280028966913,1436,219
692417313023332352,9117,3345
692187005137076224,2464,787
692158366030913536,2086,761
692142790915014657,1600,377
692041934689402880,3299,1223
692017291282812928,2815,921
691820333922455552,3853,1596
691793053716221953,7915,4090
691756958957883396,2765,959
691675652215414786,1898,493
691483041324204033,2322,541
691459709405118465,3935,1098
691444869282295808,2568,819
691416866452082688,18784,7374
691321916024623104,2506,639
691096613310316544,2879,852
691090071332753408,1673,322
690989312272396288,5737,2774
690959652130045952,3476,1204
690938899477221376,3978,1882
690932576555528194,3192,982
690735892932222976,3685,1224
690728923253055490,2115,499
690690673629138944,2258,797
690649993829576704,1260,264
690607260360429569,290,17
690597161306841088,1894,582
690400367696297985,1831,433
690374419777196032,3160,814
690360449368465409,2589,847
690348396616552449,1463,496
690248561355657216,1633,399
690021994562220032,2716,991
690015576308211712,2419,711
690005060500217858,3560,1623
689999384604450816,1374,354
689993469801164801,1415,432
689977555533848577,1333,433
689905486972461056,2377,675
689877686181715968,2954,1119
689835978131935233,2106,724
689661964914655233,3141,904
689659372465688576,10076,3720
689623661272240129,2168,621
689599056876867584,11322,5317
689557536375177216,1993,441
689517482558820352,3305,1385
689289219123089408,2188,899
689283819090870273,3166,1060
689280876073582592,1927,683
689275259254616065,1112,235
689255633275777024,2484,1046
689154315265683456,3001,957
689143371370250240,1963,487
688916208532455424,2635,833
688908934925697024,2048,738
688898160958271489,2030,754
688894073864884227,2180,662
688828561667567616,1344,355
688804835492233216,942,184
688789766343622656,2161,639
688547210804498433,2521,673
688519176466644993,2253,707
688385280030670848,9018,4316
688211956440801280,2177,800
688179443353796608,2072,564
688116655151435777,2745,745
688064179421470721,1687,351
687841446767013888,5316,2419
687826841265172480,2671,1086
687818504314159109,2412,922
687807801670897665,2316,691
687732144991551489,1707,641
687704180304273409,2369,813
687664829264453632,1884,491
687494652870668288,1843,556
687480748861947905,1561,232
687476254459715584,1926,516
687460506001633280,2002,529
687399393394311168,1840,598
687317306314240000,19568,8864
687312378585812992,4239,1835
687127927494963200,5275,2192
687124485711986689,2119,489
687109925361856513,5642,2373
687102708889812993,2282,937
687096057537363968,2173,587
686947101016735744,8388,3084
686760001961103360,3418,1338
686749460672679938,3385,1406
686730991906516992,4023,1159
686683045143953408,2746,775
686618349602762752,3594,1315
686606069955735556,1835,526
686394059078897668,1691,667
686386521809772549,3169,853
686377065986265092,2146,549
686358356425093120,2119,639
686286779679375361,3903,1613
686050296934563840,2158,704
686035780142297088,1113,112
686034024800862208,2983,1104
686007916130873345,2416,398
686003207160610816,1782,599
685973236358713344,2039,504
685943807276412928,1584,573
685906723014619143,7278,2765
685681090388975616,1977,118
685667379192414208,2291,545
685663452032069632,3139,1411
685641971164143616,2839,749
685547936038666240,31974,15038
685532292383666176,2935,1114
685325112850124800,9159,3823
685321586178670592,2566,605
685315239903100929,3197,1007
685307451701334016,2018,421
685268753634967552,3013,1159
685198997565345792,2270,647
685169283572338688,3996,1385
684969860808454144,2322,355
684959798585110529,6616,3021
684940049151070208,3120,1005
684926975086034944,3389,448
684914660081053696,3398,1404
684902183876321280,1808,508
684880619965411328,2026,776
684830982659280897,34040,20929
684800227459624960,2649,971
684594889858887680,8642,3385
684588130326986752,3988,1365
684567543613382656,2924,1168
684538444857667585,2577,917
684481074559381504,3770,1132
684460069371654144,1917,541
684241637099323392,7880,3152
684225744407494656,1201,198
684222868335505415,3720,1313
684200372118904832,2093,1002
684195085588783105,1851,490
684188786104872960,3395,1126
684177701129875456,1959,640
684147889187209216,2915,1470
684122891630342144,1948,452
684097758874210310,3986,1386
683857920510050305,3695,1081
683852578183077888,1886,333
683849932751646720,2541,917
683834909291606017,2553,1077
683828599284170753,2716,1022
683773439333797890,3247,1295
683742671509258241,6279,3187
683515932363329536,7113,2781
683498322573824003,3081,934
683481228088049664,2591,966
683462770029932544,2356,649
683449695444799489,3762,1556
683391852557561860,7433,2321
683357973142474752,2807,883
683142553609318400,2787,1003
683111407806746624,3307,878
683098815881154561,2111,633
683078886620553216,1943,546
683030066213818368,2103,719
682962037429899265,35646,15845
682808988178739200,1727,161
682788441537560576,2400,1071
682750546109968385,1477,419
682697186228989953,1277,348
682662431982772225,2961,1039
682638830361513985,2009,572
682429480204398592,3338,1110
682406705142087680,7339,1686
682393905736888321,2167,639
682389078323662849,1614,449
682303737705140231,2961,938
682259524040966145,4010,1147
682242692827447297,3128,1107
682088079302213632,17673,9492
682059653698686977,4791,1611
682047327939461121,3099,903
682032003584274432,6383,1915
682003177596559360,3022,1458
681981167097122816,2724,997
681891461017812993,2394,783
681694085539872773,12436,3910
681679526984871937,1711,424
681654059175129088,2560,880
681610798867845120,1837,446
681579835668455424,3437,1252
681523177663676416,13838,5537
681340665377193984,1590,267
681339448655802368,9011,3941
681320187870711809,2559,710
681302363064414209,3805,1745
681297372102656000,3113,913
681281657291280384,3138,1058
681261549936340994,1412,258
681242418453299201,1439,507
681231109724700672,2334,465
681193455364796417,3575,1418
680970795137544192,2340,629
680959110691590145,4445,1932
680940246314430465,3088,1001
680934982542561280,2028,419
680913438424612864,2336,596
680889648562991104,1707,353
680836378243002368,3353,1265
680805554198020098,2087,643
680801747103793152,2308,791
680798457301471234,2757,994
680609293079592961,2543,670
680583894916304897,3503,1277
680497766108381184,4103,1834
680494726643068929,1670,468
680473011644985345,2466,725
680440374763077632,1407,482
680221482581123072,1430,284
680206703334408192,2739,1117
680191257256136705,2079,479
680176173301628928,3771,1480
680161097740095489,2249,708
680145970311643136,3492,1680
680130881361686529,2226,905
680115823365742593,2642,866
680100725817409536,3478,1318
680085611152338944,12416,8646
680070545539371008,2501,822
679877062409191424,1921,625
679872969355714560,2128,641
679862121895714818,2380,593
679854723806179328,2759,1176
679844490799091713,2289,728
679828447187857408,35041,13456
679777920601223168,3014,1053
679736210798047232,2023,758
679729593985699840,2096,793
679722016581222400,1612,451
679530280114372609,4616,1997
679527802031484928,2551,693
679511351870550016,3253,1213
679503373272485890,3069,1409
679475951516934144,2023,616
679462823135686656,30436,17993
679405845277462528,2287,1150
679158373988876288,20527,7696
679148763231985668,2686,986
679132435750195208,2882,1109
679111216690831360,5769,2473
679062614270468097,16339,7704
679047485189439488,2168,633
679001094530465792,2739,1168
678991772295516161,2202,1101
678969228704284672,1580,435
678800283649069056,2475,859
678798276842360832,3333,1101
678774928607469569,2709,862
678767140346941444,3398,1299
678764513869611008,1576,444
678755239630127104,6819,3127
678740035362037760,3608,1585
678708137298427904,5385,2316
678675843183484930,2751,1395
678643457146150913,1973,384
678446151570427904,3853,1460
678424312106393600,5263,2429
678410210315247616,4040,1718
678399652199309312,77170,30400
678396796259975168,1537,395
678389028614488064,1792,402
678380236862578688,2340,865
678341075375947776,1664,510
678334497360859136,1246,237
678278586130948096,10988,5822
678255464182861824,1529,348
678023323247357953,1834,360
678021115718029313,13079,6026
677961670166224897,3287,1608
677918531514703872,1284,387
677895101218201600,4616,1971
677716515794329600,2918,934
677700003327029250,3253,1378
677698403548192770,1183,305
677687604918272002,2394,802
677673981332312066,3187,1429
677662372920729601,1866,901
677644091929329666,1782,767
677573743309385728,2045,668
677565715327688705,1251,437
677557565589463040,2353,1101
677547928504967168,6647,3495
677530072887205888,1025,217
677335745548390400,2917,1672
677334615166730240,1286,269
677331501395156992,1040,224
677328882937298944,3504,1433
677314812125323265,1580,509
677301033169788928,1180,384
677269281705472000,1891,674
677228873407442944,3400,1561
677187300187611136,2611,867
676975532580409345,2650,1016
676957860086095872,2145,771
676949632774234114,1251,375
676948236477857792,2061,816
676946864479084545,1662,347
676942428000112642,1980,711
676936541936185344,12198,4710
676916996760600576,2844,1721
676897532954456065,2151,689
676864501615042560,1994,668
676821958043033607,21903,14746
676819651066732545,1743,632
676811746707918848,1369,407
676776431406465024,4780,1927
676617503762681856,2749,907
676613908052996102,1036,190
676606785097199616,1815,412
676603393314578432,1109,362
676593408224403456,4372,2047
676590572941893632,877,116
676588346097852417,2202,742
676582956622721024,1139,261
676575501977128964,2460,1062
676533798876651520,1797,521
676496375194980353,1455,506
676470639084101634,11111,4439
676440007570247681,1655,623
676430933382295552,1338,321
676263575653122048,1995,511
676237365392908289,1151,267
676219687039057920,73097,29406
676215927814406144,1656,544
676191832485810177,2167,981
676146341966438401,1834,630
676121918416756736,2065,1100
676101918813499392,2707,1114
676098748976615425,2854,1339
676089483918516224,1246,415
675898130735476737,1531,536
675891555769696257,2022,810
675888385639251968,2267,902
675878199931371520,3968,1319
675870721063669760,1554,531
675853064436391936,2563,1210
675849018447167488,900,133
675845657354215424,2155,828
675822767435051008,1445,510
675820929667219457,999,224
675798442703122432,9752,3238
675781562965868544,1541,443
675740360753160193,1114,321
675710890956750848,1788,768
675707330206547968,1880,641
675706639471788032,618,88
675534494439489536,1745,387
675531475945709568,1121,360
675522403582218240,986,271
675517828909424640,1229,439
675501075957489664,16317,5518
675497103322386432,2981,1215
675489971617296384,1223,562
675483430902214656,1754,920
675432746517426176,1446,539
675372240448454658,1604,489
675362609739206656,1000,214
675354435921575936,30834,15762
675349384339542016,3729,2141
675334060156301312,2627,1211
675166823650848770,3365,1488
675153376133427200,5915,2417
675149409102012420,3536,1595
675147105808306176,892,218
675146535592706048,1113,276
675145476954566656,2029,842
675135153782571009,1232,445
675113801096802304,1842,738
675111688094527488,905,234
675109292475830276,2660,1056
675047298674663426,998,300
675015141583413248,2552,1109
675006312288268288,923,209
675003128568291329,1481,435
674999807681908736,2120,1038
674805413498527744,808,337
674800520222154752,2850,801
674793399141146624,2370,1024
674790488185167872,1038,235
674788554665512960,764,195
674781762103414784,1900,1119
674774481756377088,1041,441
674767892831932416,1715,728
674764817387900928,746,220
674754018082705410,1290,412
674752233200820224,1377,434
674743008475090944,1315,510
674742531037511680,456,49
674739953134403584,1038,362
674737130913071104,608,81
674690135443775488,1085,443
674670581682434048,1523,609
674664755118911488,860,227
674646392044941312,1359,456
674644256330530816,981,254
674638615994089473,1598,546
674632714662858753,1417,538
674606911342424069,887,93
674468880899788800,5899,1897
674447403907457024,1006,336
674436901579923456,1046,363
674422304705744896,1348,500
674416750885273600,652,129
674410619106390016,1137,433
674394782723014656,1430,530
674372068062928900,804,299
674330906434379776,538,71
674318007229923329,1332,482
674307341513269249,10737,6490
674291837063053312,13852,5466
674271431610523648,1469,683
674269164442398721,862,213
674265582246694913,1538,786
674262580978937856,1241,420
674255168825880576,1379,506
674082852460433408,716,155
674075285688614912,936,263
674063288070742018,6009,2034
674053186244734976,3109,1204
674051556661161984,1373,460
674045139690631169,1326,598
674042553264685056,681,118
674038233588723717,1041,394
674036086168010753,808,192
674024893172875264,1675,1144
674019345211760640,1064,285
674014384960745472,1471,596
674008982932058114,1130,331
673956914389192708,1844,895
673919437611909120,1106,349
673906403526995968,2989,1532
673887867907739649,886,238
673716320723169284,2909,702
673715861853720576,3327,1920
673711475735838725,981,280
673709992831262724,791,245
673708611235921920,1015,267
673707060090052608,1039,364
673705679337693185,1188,382
673700254269775872,1348,530
673697980713705472,3725,1819
673689733134946305,1639,605
673688752737402881,1182,461
673686845050527744,1351,404
673680198160809984,1292,434
673662677122719744,1184,344
673656262056419329,680,220
673636718965334016,1037,336
673612854080196609,1505,671
673583129559498752,1125,334
673580926094458881,782,254
673576835670777856,1303,523
673363615379013632,971,282
673359818736984064,1357,626
673355879178194945,1415,533
673352124999274496,1573,507
673350198937153538,716,195
673345638550134785,2357,1173
673343217010679808,915,249
673342308415348736,1198,533
673320132811366400,12652,7304
673317986296586240,829,235
673295268553605120,7071,2934
673270968295534593,1013,337
673240798075449344,1343,662
673213039743795200,2094,778
673148804208660480,1598,583
672997845381865473,1856,665
672995267319328768,890,269
672988786805112832,921,267
672984142909456390,1185,507
672980819271634944,1707,942
672975131468300288,1573,837
672970152493887488,888,331
672968025906282496,1250,499
672964561327235073,1338,600
672902681409806336,1286,460
672898206762672129,851,393
672884426393653248,1443,785
672877615439593473,970,328
672834301050937345,1235,531
672828477930868736,1178,456
672640509974827008,921,295
672622327801233409,1211,450
672614745925664768,1150,541
672609152938721280,1039,360
672604026190569472,1037,371
672594978741354496,1248,569
672591762242805761,896,308
672591271085670400,674,174
672538107540070400,961,339
672523490734551040,589,155
672488522314567680,1047,403
672482722825261057,1059,553
672481316919734272,677,120
672475084225949696,1363,650
672466075045466113,1272,490
672272411274932228,6035,3117
672267570918129665,1393,569
672264251789176834,1063,309
672256522047614977,2652,1419
672254177670729728,1347,691
672248013293752320,1625,557
672245253877968896,640,143
672239279297454080,843,301
672231046314901505,1707,935
672222792075620352,741,193
672205392827572224,2112,1060
672169685991993344,961,340
672160042234327040,826,332
672139350159835138,1636,645
672125275208069120,2247,1064
672095186491711488,931,340
672082170312290304,888,339
672068090318987265,1210,472
671896809300709376,8000,3880
671891728106971137,1234,524
671882082306625538,3266,1292
671879137494245376,1328,613
671874878652489728,1183,513
671866342182637568,1056,453
671855973984772097,847,403
671789708968640512,6640,3212
671768281401958400,1122,458
671763349865160704,1572,836
671744970634719232,1272,711
671743150407421952,707,222
671735591348891648,1356,699
671729906628341761,7967,4027
671561002136281088,11986,6716
671550332464455680,850,194
671547767500775424,1263,544
671544874165002241,1839,967
671542985629241344,1025,524
671538301157904385,875,355
671536543010570240,1106,372
671533943490011136,961,536
671528761649688577,788,239
671520732782923777,1308,490
671518598289059840,887,272
671511350426865664,1491,651
671504605491109889,6550,3309
671497587707535361,865,417
671488513339211776,938,443
671486386088865792,543,182
671485057807351808,716,216
671390180817915904,1349,689
671362598324076544,1037,274
671357843010908160,375,145
671355857343524864,453,112
671347597085433856,891,394
671186162933985280,684,192
671182547775299584,1043,312
671166507850801152,815,317
671163268581498880,1542,1021
671159727754231808,338,74
671154572044468225,660,205
671151324042559489,621,140
671147085991960577,622,200
671141549288370177,1084,605
671138694582165504,860,371
671134062904504320,693,176
671122204919246848,3257,2326
671115716440031232,1281,720
671109016219725825,1071,402
670995969505435648,1036,267
670842764863651840,23141,8049
670840546554966016,547,179
670838202509447168,1044,642
670833812859932673,408,113
670832455012716544,683,198
670826280409919488,5156,3759
670823764196741120,726,173
670822709593571328,566,89
670815497391357952,2964,1424
670811965569282048,1059,248
670807719151067136,1090,453
670804601705242624,1835,886
670803562457407488,319,83
670797304698376195,691,216
670792680469889025,776,256
670789397210615808,620,222
670786190031921152,557,183
670783437142401025,777,352
670782429121134593,1436,710
670780561024270336,744,267
670778058496974848,312,69
670764103623966721,1015,391
670755717859713024,411,98
670733412878163972,900,473
670727704916926465,785,329
670717338665226240,1114,445
670704688707301377,726,344
670691627984359425,553,223
670679630144274432,705,259
670676092097810432,230,38
670668383499735048,10004,4614
670474236058800128,1418,684
670468609693655041,336,82
670465786746662913,912,505
670452855871037440,514,189
670449342516494336,1128,598
670444955656130560,6325,1838
670442337873600512,607,186
670435821946826752,995,476
670434127938719744,1331,598
670433248821026816,312,103
670428280563085312,1305,570
670427002554466305,490,148
670421925039075328,1227,590
670420569653809152,577,290
670417414769758208,538,302
670411370698022913,1890,821
670408998013820928,520,202
670403879788544000,401,141
670385711116361728,529,189
670374371102445568,702,249
670361874861563904,309,60
670338931251150849,401,101
670319130621435904,3655,1128
670303360680108032,409,121
670290420111441920,652,266
670093938074779648,963,306
670086499208155136,656,231
670079681849372674,2076,1130
670073503555706880,1462,729
670069087419133954,585,220
670061506722140161,710,308
670055038660800512,623,301
670046952931721218,607,159
670040295598354432,706,104
670037189829525505,555,255
670003130994700288,312,84
669993076832759809,304,75
669972011175813120,413,142
669970042633789440,283,51
669942763794931712,470,145
669926384437997569,353,89
669923323644657664,219,53
669753178989142016,749,367
669749430875258880,242,60
669684865554620416,474,82
669683899023405056,352,101
669682095984410625,329,125
669680153564442624,627,266
669661792646373376,758,395
669625907762618368,3292,1674
669603084620980224,894,336
669597912108789760,482,140
669583744538451968,1394,857
669573570759163904,407,129
669571471778410496,1489,939
669567591774625800,220,48
669564461267722241,368,112
669393256313184256,336,69
669375718304980992,1235,673
669371483794317312,459,165
669367896104181761,426,140
669363888236994561,583,211
669359674819481600,346,112
669354382627049472,2526,1180
669353438988365824,588,241
669351434509529089,404,168
669328503091937280,955,385
669327207240699904,537,113
669324657376567296,461,192
669216679721873412,1114,377
669214165781868544,407,149
669203728096960512,942,433
669037058363662336,612,287
669015743032369152,693,346
669006782128353280,542,225
669000397445533696,19592,5884
668994913074286592,413,208
668992363537309700,699,314
668989615043424256,629,306
668988183816871936,844,426
668986018524233728,514,151
668981893510119424,501,277
668979806671884288,745,323
668975677807423489,1219,537
668967877119254528,134,21
668960084974809088,658,225
668955713004314625,256,65
668932921458302977,243,53
668902994700836864,297,92
668892474547511297,373,136
668872652652679168,493,279
668852170888998912,423,148
668826086256599040,405,124
668815180734689280,521,242
668779399630725120,671,343
668655139528511488,488,201
668645506898350081,811,488
668643542311546881,811,479
668641109086707712,995,498
668636665813057536,967,458
668633411083464705,2612,1473
668631377374486528,659,293
668627278264475648,289,100
668625577880875008,354,120
668623201287675904,1323,691
668620235289837568,185,37
668614819948453888,577,295
668587383441514497,1560,986
668567822092664832,223,49
668544745690562560,478,212
668542336805281792,423,194
668537837512433665,235,65
668528771708952576,434,204
668507509523615744,303,95
668496999348633600,379,120
668484198282485761,394,216
668480044826800133,426,133
668466899341221888,830,469
668297328638447616,583,274
668291999406125056,228,29
668286279830867968,471,126
668274247790391296,768,214
668268907921326080,516,214
668256321989451776,1208,548
668248472370458624,892,436
668237644992782336,5773,2612
668226093875376128,274,93
668221241640230912,481,182
668204964695683073,523,182
668190681446379520,607,186
668171859951755264,453,173
668154635664932864,465,287
668142349051129856,540,258
668113020489474048,624,217
667937095915278337,1162,735
667924896115245057,278,99
667915453470232577,195,51
667911425562669056,455,269
667902449697558528,804,351
667886921285246976,1742,987
667885044254572545,771,431
667878741721415682,370,108
667873844930215936,582,375
667866724293877760,2847,956
667861340749471744,228,74
667832474953625600,272,56
667806454573760512,987,451
667801013445750784,305,87
667793409583771648,650,308
667782464991965184,386,227
667773195014021121,216,48
667766675769573376,407,201
667728196545200128,355,143
667724302356258817,446,292
667550904950915073,0,31
667550882905632768,0,27
667549055577362432,5372,2075
667546741521195010,316,115
667544320556335104,802,489
667538891197542400,191,60
667534815156183040,763,485
667530908589760512,434,218
667524857454854144,1585,1034
667517642048163840,345,177
667509364010450944,6356,1965
667502640335572993,506,202
667495797102141441,485,244
667491009379606528,483,207
667470559035432960,235,89
667455448082227200,179,56
667453023279554560,290,81
667443425659232256,724,533
667437278097252352,419,216
667435689202614272,285,79
667405339315146752,432,206
667393430834667520,178,51
667369227918143488,339,151
667211855547486208,450,221
667200525029539841,570,240
667192066997374976,355,90
667188689915760640,691,363
667182792070062081,13293,5644
667177989038297088,178,50
667176164155375616,567,418
667174963120574464,230,72
667171260800061440,202,77
667165590075940865,2497,1033
667160273090932737,236,56
667152164079423490,44384,15468
667138269671505920,4247,1999
667119796878725120,308,121
667090893657276420,312,115
667073648344346624,375,109
667070482143944705,77,13
667065535570550784,157,41
667062181243039745,204,47
667044094246576128,174,44
667012601033924608,420,201
666996132027977728,225,81
666983947667116034,2366,898
666837028449972224,749,506
666835007768551424,195,72
666826780179869698,237,83
666817836334096384,470,230
666804364988780544,216,84
666786068205871104,698,441
666781792255496192,358,175
666776908487630848,321,156
666739327293083650,220,60
666701168228331520,395,195
666691418707132416,170,44
666649482315059201,1034,568
666644823164719104,219,73
666454714377183233,474,196
666447344410484738,94,18
666437273139982337,112,42
666435652385423360,150,45
666430724426358785,290,173
666428276349472768,150,73
666421158376562688,293,101
666418789513326592,111,41
666411507551481857,397,286
666407126856765440,98,31
666396247373291520,155,73
666373753744588802,169,78
666362758909284353,702,502
666353288456101888,193,64
666345417576210432,267,128
666337882303524864,178,81
666293911632134144,450,311
666287406224695296,131,57
666273097616637952,157,70
666268910803644416,93,32
666104133288665088,13279,5800
666102155909144576,69,11
666099513787052032,140,57
666094000022159362,153,66
666082916733198337,100,41
666073100786774016,284,141
666071193221509120,133,52
666063827256086533,438,190
666058600524156928,102,51
666057090499244032,262,119
666055525042405380,402,214
666051853826850816,1096,751
666050758794694657,119,51
666049248165822465,95,39
666044226329800704,263,124
666033412701032449,108,39
666029285002620928,118,41
666020888022790149,2357,447
